-- phpMyAdmin SQL Dump
-- version 5.1.1
-- https://www.phpmyadmin.net/
--
-- Host: 127.0.0.1
-- Generation Time: Aug 10, 2022 at 06:29 PM
-- Server version: 10.4.22-MariaDB
-- PHP Version: 7.4.27

SET SQL_MODE = "NO_AUTO_VALUE_ON_ZERO";
START TRANSACTION;
SET time_zone = "+00:00";


/*!40101 SET @OLD_CHARACTER_SET_CLIENT=@@CHARACTER_SET_CLIENT */;
/*!40101 SET @OLD_CHARACTER_SET_RESULTS=@@CHARACTER_SET_RESULTS */;
/*!40101 SET @OLD_COLLATION_CONNECTION=@@COLLATION_CONNECTION */;
/*!40101 SET NAMES utf8mb4 */;

--
-- Database: `orakel`
--

-- --------------------------------------------------------

--
-- Table structure for table `table_artikel`
--

CREATE TABLE `table_artikel` (
  `id` int(11) NOT NULL,
  `kode_artikel` varchar(25) NOT NULL,
  `judul_artikel` varchar(256) NOT NULL,
  `isi_artikel` text NOT NULL,
  `tgl_publish` datetime DEFAULT current_timestamp(),
  `user_id` int(11) DEFAULT NULL,
  `genre_id` int(11) DEFAULT NULL,
  `rating` int(11) DEFAULT NULL,
  `slug` varchar(125) NOT NULL
) ENGINE=InnoDB DEFAULT CHARSET=utf8mb4;

--
-- Dumping data for table `table_artikel`
--

INSERT INTO `table_artikel` (`id`, `kode_artikel`, `judul_artikel`, `isi_artikel`, `tgl_publish`, `user_id`, `genre_id`, `rating`, `slug`) VALUES
(1, 'GN-01', '18.25 WIB di 2006', '<figure class=\"image image_resized\" style=\"width:800px;\"><img src=\"_URAA/images/konten/stefaniolga/GN-01/bayangan seram.jpg\"></figure><p>Ingatan masih jelas tentang hari itu. Hari dimana itu merupakan pengalaman pertama ku dengan dimensi tak kasat mata. Hari itu hari Minggu yang panjang dan melelahkan. Karena pada hari itu pukul 15.25 aku baru saja tiba dari Ambarawa setelah mengikuti study tour rohani yang diadakan gereja ku. Begitu sampai di rumah aku langsung melepas sepatu kets ku, meletakkan tas ku dan langsung berbaring di atas kasur ku yang begitu empuk dan nyaman (\"<span style=\"color:hsl(30,75%,60%);\">….emmmm sungguh nikmatnya, bagaikan berada di surga ku sendiri</span>\")………… aku terbangun dengan sendirinya tanpa sadar bahwa mahgrib sudah lewat, aku melihat ke arah jam yang tepat berada di atas pintu masuk kamar ku, tepat 18.25 aku langsung mengambil handuk dan berjalan ke kamar mandi. &nbsp;</p><p>Mandi ku tak pernah lama, karena air nya yang begitu dingin sehingga membuat ku tak tahan berlama-lama, setelah selesai mandi aku lalu mengambil handuk ku dan melilitkannya di tubuh ku yang kecil mungil (waktu itu…) ketika aku tengah melilitkan handuk ke tubuh ku, seketika aku melihat sekelibat bayangan hitam seperti seseorang yang lewat di depan pintu, bayangan itu tampak jelas dari celah bawah pintu kamar mandi ku. Aku mulai memperhatikannya tapi tidak terdengar suara tapak kaki yang lewat, sekali - dua kali- tiga kali bayangan itu terus lewat seakan-akan mondar mandir di depan kamar mandi menunggu ku keluar. Tak perlu berpikir panjang, aku langsung mengambil ancang-ancang untuk berlari begitu aku membuka pintu kamar mandi.</p><p>Dan benar begitu aku membuka pintu aku langsung lari ke ruang tamu tanpa memikirkan handuk ku akan jatuh atau tidak. aku berlari begitu kencang sambil berteriak “<span style=\"color:hsl(30, 75%, 60%);\">Maaaa…Mama….Ada yang lewat di depan kamar mandi</span>” Mama ku yang sedang menggendong adik ku yang baru berumur 5 bulan pun tak tinggal diam, dengan berani nya mama ku langsung berjalan ke belakang dan berdiri di depan pintu kamar mandi sambil berbicara dengan nada tinggi “Silahkan kalau mau tinggal disini, tapi jangan sekali-kali mengganggu keluarga ini!!!”</p><p>Mama ku memang terkenal sangat berani, Mama lebih takut pencuri yang berwujud dari pada makhluk yang tak berwujud, Amazinggg emang mama ku ini. KARENA keberanian dan kecerewetan mama ku, mahkluk itu pun tak pernah lagi lewat ataupun mondar-mandir lagi di kamar mandi ku, mungkin dia memang takut dengan THE POWER OF EMAK-EMAK.</p>', '2022-08-10 22:55:02', 3, 1, 3, '1825-WIB-di-2006'),
(2, 'GN-02', 'SEGITIGA BERMUDA', '<p><img src=\"_URAA/images/konten/stefaniolga/GN-02/745x489-img-71074-ilustrasi-segitiga-bermuda.jpg\">Sudah lebih dari satu abad Misteri tentang Segitiga Bermuda ini belum terpecahkan. Sudah ratusan kapal dan pesawat yang hilang tanpa jejak ketika melewati wilayah Bermuda ini.</p><p>Setiga Bermuda ini terbentang mulai dari seberang laut Britania Raya di sebelah barat Samudra Atlantik Utara dengan&nbsp;<strong>titik koordinat&nbsp; 25°LS&nbsp;71°BT</strong>. Dengan titik ujung bagian utara adalah Bermuda (wilayah seberang laut Britania Raya), sebagai titik sebelah selatan adalah Puerto Riko, dan sebagai titik sebelah barat adalah Miami (metropolitan teebesar Florida, USA). Meskipun patokan setigita ini nyata, <strong>TAPI</strong> secara <i>de jure</i> maupun <i>de facto<strong>&nbsp;</strong></i><strong>tidak ada keterangan pasti tentang luas wilayah Segitiga Bermuda</strong> ini.</p><p>&nbsp;</p><p><strong>Berbagai teori pun beredar :</strong></p><p><strong>1. Pandangan berbasis sains, seperti&nbsp; :</strong></p><ul><li><strong>Adanya ombak tinggi&nbsp;</strong></li><li><strong>Adanya badai di lautan,&nbsp;</strong></li><li><strong>mempunyai semacam anomali </strong><i><strong>geomagnetic</strong></i><strong>,</strong></li><li><strong>Adanya arus teluk,</strong></li><li><strong>Cuaca Buruk,</strong></li><li><strong>Metana hidrat, atau</strong></li><li><strong>Adanya fenomena yang membuat kepadatan air laut berkurang.</strong></li></ul><p><strong>2.Pandangan mistik ala Paranormal :</strong></p><ul><li><strong>Lorong waktu, atau&nbsp;</strong></li><li><strong>markas dajjal alias raja iblis</strong></li></ul><p><strong>3.Teori konspirasi yang menyebut kawasan tersebut sebagai:</strong></p><ul><li><strong>Adanya teknologi Atlantis yang disebut “Energi Kristal” milik peradaban Atlantis (sebuah kota yang hilang dan sekarang berada di bawah laut) yang memiliki kemampuan untuk menenggelamkan kapal dan pesawat.</strong></li><li><strong>Adanya Alien yang tinggal di bawah laut.</strong></li></ul>', '2022-08-10 20:30:04', 3, 2, 7, 'SEGITIGA-BERMUDA-'),
(3, 'GN-03', 'Mitos Di Indonesia Yang Masih Beredar Di Masyarakat, KAMU PERCAYA?', '<figure class=\"image\"><img src=\"_URAA/images/konten/stefaniolga/GN-03/mitos.jpg\"></figure><h3>&nbsp;</h3><h3>1. Burung Gagak di Atas Rumah</h3><p>Mitos burung gagak terbang atau berputar-putar di atas rumah atau bertengger adalah pertanda buruk. hal tersebut bisa menjadi tanda bahwa salah seorang penghuni rumah akan sakit parah atau bahkan meninggal dunia.</p><h3>2. Ayam Jantan Berkokok di Sore &amp; Malam Hari</h3><p>Mitos ayam yang berkokok di sore atau malam hari menandakan akan datang wabah penyakit. Selain itu, konon akan adanya wanita di lingkungan tersebut yang hamil di luar nikah. Di beberapa daerah, ayam berkokok ini menandakan akan adanya pencurian atau perampokan.</p><h3>3. Menabrak Kucing</h3><p>Orang yang menabrak&nbsp;<a href=\"https://www.99.co/blog/indonesia/arti-mimpi-kucing/\">kucing</a>&nbsp;tetapi membiarkannya dipercaya akan mengalami sial.</p><h3>4. Bersiul di Sore &amp; Malam Hari</h3><p>Bersiul di sore dan malam hari akan mengundang makhluk halus.</p><p>Ini juga bisa menyebabkan adanya gangguan mistis yang datang ke rumah.</p><h3>5. Menikah di Bulan Sura (Muharram)</h3><p>Sebagian masyarakat Jawa masih sangat percaya akan larangan ini. Menggelar hajatan di bulan Sura dipercaya bisa mendatangkan banyak kesialan.</p><h3>4. Makan Sayap Ayam</h3><p>Bagi seorang gadis yang makan sayap ayam dipercaya bisa jauh dari jodoh.</p><h3>5. Potong Kuku Malam Hari</h3><p><a href=\"https://www.99.co/blog/indonesia/hari-baik-potong-kuku/\">Memotong kuku</a>&nbsp;pada malam hari menurut mitos adalah pamali.</p><p>Selain itu, bisa mengundang makhluk halus.</p><h3>6. Keluar Saat Maghrib</h3><p>Salah satu mitos yang cukup populer adalah keluar saat Magrib tiba bisa menyebabkan penculikan oleh wewe gombel.</p><h3>7. Pakai Baju Hijau di Pantai Selatan</h3><p>Konon, memakai baju hijau di pantai selatan bisa menyebabkan kita hilang oleh&nbsp;<a href=\"https://www.99.co/blog/indonesia/nyi-roro-kidul-menurut-al-quran/\">Nyi Roro Kidul</a>.</p><h3>8. Posisi Rumah Tusuk Sate</h3><p>Konon, rumah tusuk sate dapat membawa sial.</p><p>Ini akan membawa aura negatif seperti hawa panas terus menerus.</p><h3>9. Mandi Malam Hari</h3><p>Mitos yang beredar, mandi malam hari adalah hal yang tidak baik.</p><p>Selain bisa menyebabkan rematik, tetapi bisa mengundang makhluk halus.</p><h3>10. Ibu Hamil Wajib Membawa Gunting</h3><p>Gunting dipercaya sebagai penolak bala. Konon, jin dan mahkluk halus suka mengganggu ibu hamil.</p><h3>11. Menyapu Malam hari</h3><p>Konon, menyapu di malam hari berkaitan dengan rezeki yang akan menghilang.</p><h3>12. Suami Dilarang Menggunting saat Istri Hamil</h3><p>Konon, bayi dalam kandungan akan terlahir cacat.</p><h3>13. Mencuci Kaki Sebelum Masuk Rumah</h3><p>Mitos ini berkaitan dengan makhluk halus. Konon, supaya kita tidak ditempeli.</p><h3>14. Mendengar Suara Anak Ayam Malan Hari</h3><p>Konon, mendengar suara anak ayam bercicit di malam hari ada mahkluk halus di sekitar.</p><h3>15. Membuang Air Panas Mendidih.</h3><p>Dua di antaranya adalah membuang ke dalam WC atau selokan yang bisa bernasib sial.</p><h3>16. Buka Payung dalam Rumah</h3><p>Mitos yang beredar jika membuka payung dalam rumah akan bernasib sial.</p><h3>17. Ibu Hamil Tidak Boleh Makan Pisang Gandeng</h3><p>Mitosnya, jika ibu makan pisang gandeng maka bayinya akan lahir kembar siam. Pisang gandeng sendiri yaitu pisang yang kulitnya menyatu.</p><h3>18. Memaki Baju Terbalik</h3><p>Memakai baju terbalik tanpa sengaja bisa mengundang rezeki. Namun, jika seseorang sengaja melakukannya maka akan ada suatu musibah keluarga.</p><h3>19. Memiliki Pensil Berukuran Mini</h3><p>Konon, jika kamu sering menyerut pensil sampai seukuran kelingking, maka orang tua akan meninggal.</p><h3>20. Cermin Pecah</h3><p>Ada yang mengatakan jika cermin pecah secara tiba-tiba artinya ada keluarga yang sedang mendapat musibah. Ada pula yang mengatakan jika bercermin di cermin yang retak atau pecah akan mendapatkan musibah.</p><h3>21. Menekuk 2 Kaki ke Atas</h3><p>Menekukan dua kaki ke atas ketika sedang berbaring konon bisa menyebabkan orang tua meninggal.</p><h3>22. Tidak Boleh Memberi Hadiah Berbentuk Kain</h3><p>Apabila seseorang memberi hadiah berupa baju atau kain pada kekasihnya, hubungan mereka bakal kandas.</p><h3>23. Kejatuhan Cecak</h3><p>Jika kejatuhan cecak, menurut mitos kamu akan mengalami nasib sial di kemudian hari.</p><h3>24. Gerhana Bulan</h3><p>Konon, mitos gerhana bulan adalah pertanda datangnya Batara Kala.</p><h3>25. Kucing Hitam</h3><p>Mitos kucing hitam di Indonesia adalah pertanda buruk. Konon, kucing hitam merupakan&nbsp;<a href=\"https://www.99.co/blog/indonesia/ciri-ciri-kucing-jelmaan-jin/\">kucing jelmaan jin</a>.</p>', '2022-08-10 22:26:33', 3, 3, 6, 'Mitos-Di-Indonesia-Yang-Masih-Beredar-Di-Masyarakat-KAMU-PERCAYA'),
(10, '62e40ca5d109b', 'Jenis-Jenis Monster', '<p><i><strong><img src=\"_URAA/images/konten/stefaniolga/62e40ca5d109b/monster seram.png\">Monster</strong></i>&nbsp;adalah makhluk yang bentuk atau rupanya sangat menyimpang dari yang biasa atau bisa juga makhluk yang berukuran raksasa.</p><p>&nbsp;</p><h2><strong>Jenis-jenis monster</strong></h2><p><strong>1.Setengah manusia</strong></p><p>Monster setengah manusia atau&nbsp;<i>DemiHuman</i>&nbsp;adalah monster yang bentuknya menyerupai manusia, namun memiliki sifat yang kebiasaan yang berbeda dengan manusia. contoh:&nbsp;<a href=\"https://id.wikipedia.org/wiki/Dracula\">Dracula</a>/<a href=\"https://id.wikipedia.org/wiki/Vampire\">Vampire</a>,&nbsp;<a href=\"https://id.wikipedia.org/wiki/Pan\">Pan</a>,&nbsp;<a href=\"https://id.wikipedia.org/wiki/Minotaur\">Minotaur</a>,&nbsp;<a href=\"https://id.wikipedia.org/wiki/Werewolf\">Werewolf</a>.</p><p><strong>2.Setengah dewa</strong></p><p>Monster setengah dewa atau&nbsp;<i>Demi God</i>&nbsp;adalah monster yang dianggap memiliki kekuatan luar biasa sehingga ditakuti, dipuja dan dihormati sebagaimana layaknya dewa. Contoh:&nbsp;<a href=\"https://id.wikipedia.org/wiki/Naga\">Naga</a>&nbsp;(di Tiongkok) dan&nbsp;<a href=\"https://id.wikipedia.org/wiki/Kali_(dewi)\">Kali</a>.</p><p><strong>3.Setengah iblis</strong></p><p>Monster setengah iblis atau&nbsp;<i>DemiDevil</i>&nbsp;adalah monster yang memiliki kemampuan gaib dan dapat mengubah bentuk tubuhnya. Contoh:&nbsp;<a href=\"https://id.wikipedia.org/wiki/Nekomata\">Nekomata</a>,&nbsp;<a href=\"https://id.wikipedia.org/wiki/Malebolgia\">Malebolgia</a>&nbsp;dan&nbsp;<a href=\"https://id.wikipedia.org/wiki/Shuma-Gorath\">Shuma-Gorath</a></p><p><strong>4.Humanoid</strong></p><p>Monster ini memiliki bentuk&nbsp;<a href=\"https://id.wikipedia.org/wiki/Humanoid\">humanoid</a>&nbsp;atau seperti manusia. Seiring pada berkembangnya teknologi pada abad ke-19, perkembangan bentuk monster setengah manusia juga semakin pesat. Seperti dalam kisah&nbsp;<a href=\"https://id.wikipedia.org/wiki/Frankenstein\">Frankenstein</a>, monster ini tercipta karena hasil karya penemuan dan penelitian seorang ilmuwan yaitu Dr. Victor Frankestein. Adapula yang meceritakannya sebagai manusia yang mengalami kecelakaan maka tubuhnya berubah menjadi monster tetapi masih memiliki hati nurani. Contoh:&nbsp;<a href=\"https://id.wikipedia.org/wiki/Monster_Frankenstein\">Monster Frankenstein</a>,&nbsp;<a href=\"https://id.wikipedia.org/wiki/Hulk\">Hulk</a>&nbsp;dan&nbsp;<a href=\"https://id.wikipedia.org/wiki/Thing\">Thing</a>&nbsp;dari&nbsp;<a href=\"https://id.wikipedia.org/wiki/Fantastic_Four\">Fantastic Four</a>.</p><p><strong>5.Alien</strong></p><p>Monster ini biasanya diceritakan berasal dari&nbsp;<a href=\"https://id.wikipedia.org/wiki/Luar_angkasa\">luar angkasa</a>, berbeda alam, dan tidak diketahui orang. Contoh: tokoh Mike Wazowski dalam film&nbsp;<a href=\"https://id.wikipedia.org/wiki/Monsters,_Inc.\">Monsters, Inc.</a>,&nbsp;<a href=\"https://id.wikipedia.org/wiki/Alien_(alien)\">Alien</a>&nbsp;dan&nbsp;<a href=\"https://id.wikipedia.org/wiki/Predator_(alien)\">Predator</a>.</p><p><strong>6.Mayat</strong></p><p>Monster ini biasanya digambarkan sebagai manusia yang sudah mati kemudian bangkit kembali menghantui manusia hidup lainnya sebagai mayat hidup. Contoh:&nbsp;<a href=\"https://id.wikipedia.org/wiki/Mumi\">Mumi</a>&nbsp;dan&nbsp;<a href=\"https://id.wikipedia.org/wiki/Zombie\">Zombie</a>.</p><p><strong>7.Hewan</strong></p><p>Monster yang menyerupai hewan atau binatang purbakala, misalnya&nbsp;<a href=\"https://id.wikipedia.org/wiki/Burung_phoenix\">burung phoenix</a>,&nbsp;<a href=\"https://id.wikipedia.org/wiki/Nessie\">Nessie</a>&nbsp;di danau&nbsp;<a href=\"https://id.wikipedia.org/wiki/Loch_ness\">loch ness</a>,&nbsp;<a href=\"https://id.wikipedia.org/wiki/Kyuubi\">Kyuubi</a>&nbsp;si rubah ekor sembilan,&nbsp;<a href=\"https://id.wikipedia.org/wiki/King_Kong\">King Kong</a>, dan Godzilla.</p><p><strong>8.Tanaman</strong></p><p>Monster yang menyerupai tanaman tetapi dapat bergerak dan mengeluarkan suara-suara tertentu. Monster jenis ini biasanya digambarkan sebagai pencinta damai dan cenderung menghindari pertikaian. Contoh: Ras Ent pada trilogi&nbsp;<a href=\"https://id.wikipedia.org/wiki/Lord_of_the_rings\">Lord of the rings</a>.</p><p><strong>9.Mesin</strong></p><p>Monster jenis ini adalah monster-monster buatan manusia yang kebanyakan bagian tubuhnya terbuat dari&nbsp;<a href=\"https://id.wikipedia.org/wiki/Metal\">metal</a>&nbsp;dengan intelegensi buatan atau bahkan alien robot. Monster jenis ini mulai muncul pada akhir abad ke-20 ketika ilmu pengetahuan mulai berkembang dengan pesat. Contoh:&nbsp;<a href=\"https://id.wikipedia.org/wiki/The_Terminator\">Terminator</a>,&nbsp;<a href=\"https://id.wikipedia.org/wiki/Decepticons\">Decepticons</a>&nbsp;dari kisah&nbsp;<a href=\"https://id.wikipedia.org/wiki/Transformers\">Transformers</a>,&nbsp;<a href=\"https://id.wikipedia.org/w/index.php?title=Metal_Gear&amp;action=edit&amp;redlink=1\">Metal Gear</a>&nbsp;pada game&nbsp;<a href=\"https://id.wikipedia.org/wiki/Playstation\">Playstation</a>&nbsp;<a href=\"https://id.wikipedia.org/wiki/Metal_Gear_Solid\">Metal Gear Solid</a>&nbsp;dan&nbsp;<a href=\"https://id.wikipedia.org/wiki/Android_(robot)\">Android</a>.</p>', '2022-08-10 20:35:40', 3, 2, 8, 'Jenis-Jenis-Monster'),
(12, '62e610cdd59ce', 'KEMATIAN PUTRI DIANA BUKANLAH KECELAKAAN', '<figure class=\"image image_resized\" style=\"width:809px;\"><img src=\"_URAA/images/konten/stefaniolga/62e610cdd59ce/123.jpg\"></figure><p>Teori konspirasi kecelakaan Putri Diana mengatakan, bahwa kecelakaan mobil di Paris yang akhirnya menewaskan Putri Diana dan Dodi Fayed pada tahun 1997 telah menjadi salah satu bagian dari istana untuk menyelamatkan image Pangeran Charles.</p><p>Tak hanya satu atau lima, tetapi ada sekitar 175 teori konspirasi mengenai kecelakaan yang menimpa Putri Diana tersebut. Muhamad Fayed yaitu ayah dari Dodi Fayed mengelak bahwa kecelakaan mobil yang menewaskan putranya terjadi karena supir mabuk dan melaju dengan kecepatan tinggi untuk menghindari kejaran wartawan saat itu.&nbsp;</p><p>Muhammad Fayed mengaku, saat kecelakaan terjadi Putri Diana tengah mengandung anak dari Dodi Fayed dan pasangan tersebut pun tengah berbahagia serta akan segera mengumumkan pertunangan keduanya. Muhamad Fayed menjelaskan, bahwa pihak istana kerjaan Inggris sendirilah yang dengan sengaja dan tega membunuh Putri Diana beserta Dodi Fayed. Tujuannya agar Dodi dan keluarganya tidak masuk ke dalam keluarga kerjaan Inggris.</p><p>Namun, teori konspirasi yang disampaikan Muhamad Fayed tersebut dibantah. Karena seorang dokter serta teman dekat dari Putri Diana membantah bahwa Putri Diana saat itu tengh hamil. Sementara itu, kakak tertua Putri Diana bernama&nbsp; Lady Sarah McCorquodale bahkan mempertanyakan hubungan Putri Diana dan Dodi Fayed, sebab Putri Diana mengaku pada temannya yang bernama Lady Annabel Goldsmith bahwa pernikahan bagi Putri Diana hanyalah seperti rasa gatal pada wajah saja.</p>', '2022-08-10 22:29:46', 3, 5, 6, 'KEMATIAN-PUTRI-DIANA-BUKANLAH-KECELAKAAN'),
(13, '62e611522f75b', 'PEMBUNUHAN PRESIDEN AMERIKA SERIKAT, JOHN F. KENNEDY', '<figure class=\"image\"><img src=\"_URAA/images/konten/stefaniolga/62e611522f75b/oliver-stone-pembunuhan-jfk-adalah-operasi-hitam-terorganisir-crf.jpg\"></figure><p>Teori konspirasi terkenal lainnya adalah pembunuhan yang menimpa Presiden Amerika Serikat yaitu John F Kennedy pada November tahun 1963 di Dallas, Texas. Ketika pembunuhan terjadi, istri dari John F Kennedy yaitu Jackie, Gubernur Texas John Connelly dan istri Nelli pun turut berada di mobil yang sama.</p><p>Teori konspirasi pertama, merupakan teori yang banyak dipercaya oleh masyarakat. Bahwa pendukung dari Uni Soviet bernama Lee Harvey Oswald telah melepaskan tiga tembakan yang berasal dari lantai enam gedung di Texas School Book Depository, beberapa saat setelah iring-iringan Presiden John F Kennedy melintasi posisinya.</p><p>Peluru pertama yang ditemkana meleset, tetapi peluru kedua kemudian diduga menembus tubuh John F Kennedy dan kemudian keluar menembus tenggorokan lalu mengenai rusuk Gubernur Connelly yang saat itu duduk di kursi depan Presiden. Lalu, perluru ketiga melesat mengenai kepala samping John F Kennedy.</p><p>Sementara itu, menurut saksi serta agen rahasia yaitu Clint Hill memiliki pandangan yang berbeda-beda ketika peristiwa pembunuhan tersebut berlangsung. Sehingga menimbulkan banyak curiga lain dari masyarakat.</p><p>Menurut Hill, ada empat tembakan yang mengenai bagian belakang John F Kennedy dan keempat tembakan tersebut berasal dari belakang. Sementara itu, menurut para saksi, beberapa mengaku bahwa ia mendengar suara tembakan yang berasal dari semak serta beberapa saksi lain mengungkapkan bahwa ada yang melihat asap bekas dari tembakan John F Kennedy, tetapi ada pula saksi yang mengatakan bahwa hanya ada tiga tembakan dan bukan empat yang mengenai John F Kennedy.</p><p>Hingga kini, teori konspirasi dari pembunuhan John F Kennedy pun masih banyak beredar dan dipercaya, karena dianggap kasus pembunuhan tersebut masih belum usai dan belum terpecahkan.</p>', '2022-08-10 22:29:12', 3, 5, 3, 'PEMBUNUHAN-PRESIDEN-AMERIKA-SERIKAT-JOHN-F-KENNEDY'),
(14, '62e611f4c2934', 'TRAGEDI SERANGAN TERORIS 9/11', '<figure class=\"image\"><img src=\"_URAA/images/konten/stefaniolga/62e611f4c2934/911.jpg\"></figure><p>Teori konspirasi serangan teroris 9/11 juga merupakan salah satu teori konspirasi yang cukup terkenal. Ketika tragedi serangan teroris 9/11 tersebut, pada akhirnya mulai bermunculan beberapa teori konspirasi yang cukup dipercaya oleh masyarakat.</p><p>Menurut teori konspirasi serangan teroris 9/11 tersebut, banyak masyarakat yang percaya bahwa ada sebuah konspirasi di balik runtuhnya gedung yang akhirnya menewaskan banyak korban. Banyak yang percaya bahwa pemerintah Amerika Serikat sendirilah yang melakukan serangan pada 9/11 dan serangan tersebut bukanlah serangan dari teroris.</p><p>Beberapa teori konspirasi mengungkapkan, bahwa pemerintah Amerika Serikat sebenarnya telah mengetahui bahwa teroris akan datang dan menyerang pada 9/11. Tetapi pemerintah Amerika Serikat menolak untuk bertindak serta meyakinkan masyarakat untuk menyatakan perang terhadap Timur Tengah.</p>', '2022-08-10 22:28:01', 3, 5, 4, 'TRAGEDI-SERANGAN-TERORIS-911'),
(15, '62e612580fe23', 'BUMI TIDAK BULAT, TETAPI DATAR', '<figure class=\"image image_resized\" style=\"width:809px;\"><img src=\"_URAA/images/konten/stefaniolga/62e612580fe23/Bumi-datar.png\"></figure><p>Teori konspirasi yang ketiga merupakan teori konspirasi yang cukup populer dan bahkan memiliki pengikut yang cukup banyak. Ialah teori konspirasi bumi datar atau flat earth yang diduga secara tak resmi ada pada abad ke 19 dan memunculkan masyarakat bumi datar atau flat earth society.&nbsp;</p><p>Setelah secara tidak resmi hadir dan berdiri masyaraka bumi datar tersebut, pada tahun 2004 akhirnya presiden dari masyarakt bumi datar yaitu Daniel Shenton pun kembali menghidupkan teori konspirasi flat earth tersebut.</p><p>Kelompok masyarakat bumi datar berpendapat, bahwa pendaratan manusia di bulan merupakan sebuah penipuan. Lebih lanjut, kelompok flat earth society menjelaskan mengenai teori konspirasi bumi datar bahwa apabila bumi memang berbentuk bulat, maka manusia pun harusnya dapat melihat lengkungan bumi tersebut dari pesawat terbang.</p><p>Tak hanya itu, masyarakat bumi data pun mengatakan bahwa caha yang ada pada satelit di orbit merupakan cahaya palsu yang sengaja dipasang untuk menipu manusia. Kelompok masyarakat bumi datar pun mempercayai, bahwa gaya gravitasi merupakan sebuah fenomena palsu lainnya.</p>', '2022-08-10 22:28:17', 3, 5, 8, 'BUMI-TIDAK-BULAT-TETAPI-DATAR'),
(16, '62e6130ac7bab', 'Keberadaan BULAN TIDAK NYATA', '<p><img src=\"_URAA/images/konten/stefaniolga/62e6130ac7bab/bulan tidak ada.jpg\">Teori konspirasi ini, pertama kali dikemukakan oleh seorang mantan pemain bola, penulis buku sekaligus seorang publik speaker yang bernama David Icke yang menyatakan bahwa Bulan sebenarnya TIDAK NYATA.</p><p>Icke berargumen mengani bulan tidak nyata mulanya karena terinspirasi oleh seorang penulis asal Amerika yang mengatakan, bahwa ukuran bulan dinilai cukup aneh. David Icke kemudian memercayai teori konspirasi yang disampaikan penulis Amerika tersebut, lalu berteori bahwa bulan sebenarnya tidak nyata.</p><p>David Icke memiliki teori konspirasi berupa sebuah sistem kontrol yang mampu memanipulasi perasaan masyarakat terhadap suatu realitas. Icke mengungkapkan bahwa manipulasi perasaan tersebut menyebabkan manusia dapat menjadi ras budak. Icke menyampaikan bahwa semua hal yang ada di dunia ini adalah sebuah kebohongan yang dibangun sedemikian rupa agar manusia dapat percaya.</p>', '2022-08-10 21:15:47', 3, 5, 1, 'Keberadaan-BULAN-TIDAK-NYATA'),
(17, '62e61552bbce7', 'Adanya Manipulasi Cuaca', '<figure class=\"image\"><img src=\"_URAA/images/konten/stefaniolga/62e61552bbce7/manipulasi cuaca.jpg\"></figure><p>Konspirasi pertama hadir di tahun 1993 ketika sebuah badan proyek penelitian serta pertahanan AS menggandeng militer AS serta Universitas Alaska. Proyek penelitian tersebut kemudian memulai sebuah program yang dinamakan sebagai program High Frequency Active Auroral Research Program atau disingkat menjadi HAARP.</p><p>HAARP merupakan sebuah proyek yang tidak diungkap oleh publik dan menimbulkan banyak kecurigaan. Publik banyak memberikan asumsi mengenai proyek HAARP yang dirahasiakan oleh pemerintah AS tersebut.</p><p>Beberapa teori konspirasi mengungkapkan bahwa proyek HAARP merupakan proyek satelit yang memiliki dampak yang cukup besar yaitu gempa. Kemudian, proyek HAARP ini merupakan proyek dari pemancar besar yang mampu menciptakan tornado dan bahkan tsunami. Namu, ternyata proyek HAARP yang menggandeng militer AS tersebut merupakan lanjutan dari sebuah proyek lama dari pemerintah AS di mana dilakukan suatu teknik penyemaian awan untuk dapat meningkatkan curah hujan.</p><p>Walaupun tidak sampai menyebabkan tornado, proyek HAARP ini terbukti memberikan beberapa hasil berupa memberi dampak manipulasi cuaca khususnya untuk memunculkan curah hujan yang lebat. Sehingga, teori konspirasi dari proyek HAARP ini dinilai cukup benar soal memanipulasi cuaca.</p>', '2022-08-10 22:26:59', 3, 5, 2, 'Adanya-Manipulasi-Cuaca'),
(18, '62e61a82d207d', 'Nenek Gayung', '<p><img src=\"_URAA/images/konten/stefaniolga/62e61a82d207d/nenek gayung.jpg\">Urban&nbsp;<i>legend&nbsp;</i>Indonesia pertama dibuka oleh Nenek Gayung. Urban&nbsp;<i>legend&nbsp;</i>satu ini pernah&nbsp;<i>booming&nbsp;</i>pada medio 2011 dan 2012. Saking terkenalnya, mitos satu ini pun diangkat kelayar lebar yang dibintangi Nikita Mirzani.</p><p>Sebenarnya, tidak tahu asal muasal ataupun siapa sebenarnya Nenek Gayung. Hal jelas yang jadi perbincangan adalah kemunculannya yang tiba-tiba di pinggir jalan dengan penampilan sederhana seperti seorang nenek.</p><p>Namun, hal yang membedakannya adalah ia membawa gayung dari batok kelapa dan sebuah tikar yang biasa digunakan untuk memandikan jenazah. Tak hanya itu, Nenek Gayung pun mengenakan kebaya serba hitam.</p>', '2022-08-10 20:15:50', 3, 6, 9, 'Nenek-Gayung'),
(19, '62e61adbe6812', 'Mr. Gepeng', '<p><img src=\"_URAA/images/konten/stefaniolga/62e61adbe6812/MISTER GEPENG.jpg\">Mister Gepeng adalah urban&nbsp;<i>legend&nbsp;</i>Indonesia selanjutnya yang bisa bikin kamu takut tidur sendirian. Mitos dari makhluk satu ini beredar dari mulut ke mulut hingga menjadi perbincangan pada tahun 90an.</p><p>Mister Gepeng sendiri diyakini selalu muncul di toilet-toilet gedung pencakar langit atau sekolah. Urban&nbsp;<i>legend&nbsp;</i>Indonesia ini memiliki penampilan wajah bule namun dengan kondisi mukanya yang hancur dan gepeng.</p><p>Menurut kisah yang beredar, Mister Gepeng adalah seorang pria kaya raya yang mengalami kecelakaan di lift yang membuat tubuhnya menjadi gepeng. Ada yang bilang kamu bisa memanggilnya lewat teleponmu lho!</p>', '2022-08-10 20:16:20', 3, 6, 9, 'Mr-Gepeng'),
(20, '62e61b9531950', 'Pastor Tanpa Kepala', '<p><img src=\"_URAA/images/konten/stefaniolga/62e61b9531950/pastor tanpa kepala.jpg\">Taman Pemakaman Umum Jeruk Purut merupakan salah satu lokasi di Jakarta yang terkenal akan&nbsp;<a href=\"https://www.bobobox.co.id/blog/lokasi-di-bandung-keangkerannya/\">keangkeran</a>&nbsp;dan cerita mistisnya. Pastor Tanpa Kepala adalah urban&nbsp;<i>legend&nbsp;</i>Indonesia paling terkenal yang beredar di lokasi ini.</p><p>Penampakan sesosok pastor berjubah hitam tanpa kepala biasa dipercaya berkeliaran di Taman Pemakaman Umum Jeruk Perut. Ia pun diyakini tak sendiri saat berkeliaran karena diikuti oleh seekor anjing hitam.</p><p>Menurut cerita yang beredar, pastor tersebut terbunuh secara tragis pada zaman Belanda. Ia pun berjalan-jalan mencari makamnya sambil menenteng kepalanya. Anjing hitam tadi dipercaya sebagai penuntun arwah pastor.</p>', '2022-08-10 20:26:17', 3, 6, 5, 'Pastor-Tanpa-Kepala'),
(21, '62e61c312af4b', 'WEWE - G.O.M.B.E.L', '<p><img src=\"_URAA/images/konten/stefaniolga/62e61c312af4b/WEWE GOMBEL.jpg\">Urban&nbsp;<i>legend&nbsp;</i>Indonesia bisa jadi masih ditakuti hingga saat ini oleh banyak orang. Makhluk satu ini sendiri dipercaya mengincar anak-anak yang luput dari perhatian dan tak mendapatkan kasih sayang dari orang tuanya.</p><p>Sosok urban&nbsp;<i>legend&nbsp;</i>Indonesia ini adalah Wewe Gombel. Wewe Gombel digambarkan sebagai seorang wanita berambut panjang. Mitos cerita ini sendiri kebanyakan beredar di banyak daerah di Provinsi Jawa Tengah.</p><p>Mitos ini sendiri sebenarnya memberikan pelajaran penting bagi orang tua pada umumnya. Orang tua seyogyanya untuk memberi kasih sayang dan perhatian yang cukup bagi anak-anaknya agar bisa tumbuh dengan baik.</p>', '2022-08-10 20:16:56', 3, 6, 10, 'WEWE-GOMBEL'),
(22, '62e61d05d3932', 'Si KOLOR IJO', '<p><img src=\"_URAA/images/konten/stefaniolga/62e61d05d3932/buto-ijo.jpg\">Awal 2000an atau tepatnya Oktober 2003, Bekasi diguncangkan dengan fenomena kasus pemerkosaan yang dilakukan oleh sesosok lelaki besar berbulu dengan celana pendek berwarna hijau. Sosok tersebut adalah Kolor Ijo.</p><p>Kolor Ijo akhirnya menjadi cerita urban&nbsp;<i>legend&nbsp;</i>Indonesia viral pada tahun tersebut. Kasus pemerkosaan viral ini sendiri terjadi di Kampung Cijengkol, Kecamatan Setu, Bekasi. Kabar ini pun menyebar dengan cepat.</p><p>Seperti halnya sebuah virus, dari kampung ke kampung mulai bermunculan kasus serupa. Banyak yang menduga kalau sosok urban&nbsp;<i>legend&nbsp;</i>Indonesia ini merupakan orang yang sedang menyempurnakan ilmu hitamnya.</p>', '2022-08-10 20:17:41', 3, 6, 5, 'Si-KOLOR-IJO'),
(23, '62e61d8a0634e', 'Nyi Roro Kidul', '<p><img src=\"_URAA/images/konten/stefaniolga/62e61d8a0634e/Nyi-Roro-Kidul-11.jpg\">Bisa jadi sosok mitologis satu ini merupakan urban&nbsp;<i>legend&nbsp;</i>Indonesia yang tidak hanya viral dalam suatu waktu tertentu. Pasalnya, hingga saat ini, cerita mengenai urban&nbsp;<i>legend&nbsp;</i>Indonesia masih tetap saja populer.</p><p>Nyi Roro Kidul sendiri seringkali dikaitkan dengan Pantai Selatan. Tak heran jika banyak cerita-cerita mistis yang tersebar di kalangan masyarakat khususnya di daerah-daerah Pantai Selatan seperti Sukabumi dan Jogja.</p><p>Beberapa mitos yang berkaitan dengan Nyi Roro Kidul adalah&nbsp;<a href=\"https://www.bobobox.co.id/blog/fakta-hotel-ratu-pantai-selatan/\">sang ratu Pantai Selatan</a>&nbsp;ini mendiami kamar nomor 308&nbsp;<a href=\"https://www.bobobox.co.id/blog/menginap-hotel-horor-bandung/\">Hotel</a>&nbsp;Inna Samudera dan larangan untuk memakai pakaian berwarna hijau di Pantai Selatan.</p>', '2022-08-10 20:28:10', 3, 6, 3, 'Nyi-Roro-Kidul'),
(24, '62e629883937d', 'Si Manis Jembatan Ancol', '<p><img src=\"_URAA/images/konten/stefaniolga/62e629883937d/si manis jembatan ancol.jpg\">Jika berbicara soal urban&nbsp;<i>legend&nbsp;</i>Indonesia mana yang paling terkenal, Si Manis Jembatan Ancol tak boleh sampai terlewatkan. Pasalnya, kisah mitos ini sudah ada sejak zaman penjajahan Belanda atau sekitar tahun 1800an.</p><p>Soal ceritanya, urban&nbsp;<i>legend&nbsp;</i>Indonesia ini memiliki banyak versi yang beredar di masyarakat. Salah satu yang paling terkenal adalah Maryam yang kabur dari kawin paksa namun akhirnya harus tewas di Jembatan Ancol.</p><p>Kematiannya yang tidak wajar inilah yang dipercaya membuat arwah Maryam gentayangan. Konon kamu harus membunyikan klakson tiga kali untuk meminta izin untuk melewati daerah kekuasaan Si Manis Jembatan Ancol.</p>', '2022-08-10 20:18:15', 3, 6, 8, 'Si-Manis-Jembatan-Ancol'),
(25, '62e62a5a4b68a', 'KUYANG', '<p><img src=\"_URAA/images/konten/stefaniolga/62e62a5a4b68a/kuyang yang.png\">Kebanyakan dari urban&nbsp;<i>legend&nbsp;</i>Indonesia memang berasal dari Pulau Jawa, namun nyatanya ada urban&nbsp;<i>legend&nbsp;</i>Indonesia yang berasal dari luar Jawa. Cerita sosok hantu satu ini berasal dari Pulau Kalimantan.</p><p>Sosok yang dimaksud adalah Kuyang. Kuyang sendiri merupakan sosok hantu wanita. Hal yang membuatnya semakin menyeramkan adalah ia gentayangan ke sana ke mari dengan organ bagian dalam yang terlihat jelas.</p><p>Kuyang dipercaya terbang untuk meneror wanita yang sedang hamil. Konon, sosok satu ini akan memakan janin agar bisa menyempurnakan ilmu hitamnya. Hingga saat ini, sosok ini pun masih sering berkeliaran.</p>', '2022-08-10 20:22:09', 3, 6, 8, 'KUYANG'),
(26, '62e62af43be2d', 'Kakek Cangkul', '<p><img src=\"_URAA/images/konten/stefaniolga/62e62af43be2d/kakek cangkul.jpg\">Setelah sebelumnya sempat Bob singgung soal Nenek Gayung, kali ini urban&nbsp;<i>legend&nbsp;</i>Indonesia ‘dilengkapi’ oleh sosok hantu berwujud kakek-kakek. Namun, kakek satu ini membawa cangkul saat ia muncul.</p><p>Banyak cerita yang beredar jika Kakek Cangkul ini adalah suami dari Nenek Gayung. Ia gentayangan karena jasadnya yang tidak terkubur dengan layak saat ia meninggal. Oleh karena itu, sosok ini membawa cangkul.</p><p>Walaupun pernah heboh dan menjadi sebuah film layar lebar, banyak yang menyangsikan bahwa keaslian urban&nbsp;<i>legend&nbsp;</i>Indonesia ini. Mereka percaya bahwa sosok Kakek Cangkul hanyalah rekayasa belaka.</p>', '2022-08-10 20:20:40', 3, 6, 5, 'Kakek-Cangkul'),
(27, '62e62c778b046', 'Nenek Gerondong', '<p><img class=\"image_resized\" style=\"width:619px;\" src=\"_URAA/images/konten/stefaniolga/62e62c778b046/nenek gerondong.jpg\">Urban&nbsp;<i>legend&nbsp;</i>Indonesia ditutup oleh sosok Nenek Gerondong. Urban&nbsp;<i>legend&nbsp;</i>Indonesia ini seringkali ditemukan di permainan anak-anak 90an yang dulu cukup sering dilakukan sehabis pulang sekolah.</p><p>Sosok yang dimaksud adalah Nenek Gerondong. Nenek Gerondong digambarkan sebagai seorang nenek tua miskin yang sering datang mengunjungi satu rumah ke rumah lainnya untuk meminta sesuap nasi.</p><p>Berbeda dengan cerita urban&nbsp;<i>legend&nbsp;</i>Indonesia lainnya, sosok satu ini sendiri hanya akan menjadi seram dan kasar bagi orang yang menolak memberinya makanan. Bagi yang memberi, ia akan menjadi orang yang baik hati.</p>', '2022-08-10 20:25:29', 3, 6, 2, 'Nenek-Gerondong'),
(28, '62e62dcc33573', 'Suster Ngesot', '<p><img src=\"_URAA/images/konten/stefaniolga/62e62dcc33573/suster ngesot.jpg\">Kisah selanjutnya dari <i>urban legend</i> adalah Suster Ngesot. Konon katanya, <strong>kisah ini berasal dari salah satu rumah sakit di bilangan Jakarta</strong>. Diceritakan pada saat itu ada seorang suster yang meninggal secara tidak wajar karena diperkosa oleh seorang dokter yang bekerja di situ.</p><p>Kabarnya, kakinya dimutilasi dan dikubur di ruang laboratorium. Namun beberapa cerita menyebutkan bahwa Suster Ngesot berasal dari sebuah panti jompo di Jawa Barat yang memiliki ilmu hitam. Dari cerita yang beredar, suster tersebut membunuh seluruh penghuni panti jompo.</p><p>Karena kesal, warga sekitar menghakiminya dengan cara memukuli kakinya hingga remuk. Bagaimana, apakah kamu percaya dengan cerita Suster Ngesot sebagai <i>urban legend</i> adalah kisah nyata? Atau mungkin kamu sudah pernah melihatnya?</p>', '2022-08-10 20:28:43', 3, 6, 7, 'Suster-Ngesot'),
(29, '62e62f2701399', 'Terowongan Casablanca', '<p><img src=\"_URAA/images/konten/stefaniolga/62e62f2701399/kuntil anak merah.jpg\">Kisah &nbsp;<i>urban legend </i>yang sangat terkenal lainnya adalah terowongan Casablanca. Seperti yang kita tahu, terowongan ini salah satu lokasi yang dianggap keramat atau angker oleh warga sekitar. Bahkan menurut kisah yang berkembang, terowongan ini pernah menjadi lokasi seseorang melakukan bunuh diri.</p><p>Menurut kesaksian masyarakat, <strong>di terowongan Casablanca terdapat hantu perempuan berambut panjang</strong> yang menjadi penghuni dan sering mengganggu pengguna jalan di jam-jam tertentu, terutama setelah matahari terbenam.</p><p>Konon katanya, jika kita membunyikan klakson sebanyak tiga kali sebelum masuk terowongan, maka pengendara tersebut akan aman dari gangguan hantu itu. Tapi jika tidak, akan terjadi hal-hal sial pada sang pengendara.</p>', '2022-08-10 20:29:18', 3, 6, 9, 'Terowongan-Casablanca'),
(30, '62e7753d69e1d', 'Nu : FATHER of the GOD', '<p><img src=\"_URAA/images/konten/stefaniolga/62e7753d69e1d/dewa nun.jpg\">Tidak banyak yang diketahui tentang “Bapa dari para Dewa” ini karena pada dasarnya dalam mitologi Mesir, <strong>Nu</strong> adalah pendewaan primordial jurang kekelaman ber<strong>air. </strong>Dimulai dengan Kerajaan Tengah Nun digambarkan sebagai <strong>\"Bapa of the Dewa\" </strong>dan ia digambarkan pada dinding kuil sepanjang sisa sejarah agama Mesir Kuno.</p><p>Karena menjadi sebuah konsep, Nu dipandang tidak memiliki jender, tetapi memiliki aspek yang dapat direpresentasikan sebagai wanita atau pria seperti kebanyakan dewa Mesir lain. <strong>Naunet/ Nunet</strong> adalah <strong>aspek wanita,&nbsp;</strong> yang direpresentasikan dengan ulat atau wanita berkepala ular. Sedangkan, <strong>aspek pria</strong> nya adalah <strong>Nun, </strong>yang digambarkan sebagai pria berjenggot dengan kulit bitu-hijau yang merepresentasikan air.</p><p>Namun dalam “Kitab Gerbang” Nu digambarkan dengan tangan terangkat memegang solar kulit (barque, sebuah perahu) dimana perahu itu ditempati oleh 8 dewa, dengan Scarab Dewa “ Khepri” berdiri di tengah dan dikelilingi oleh 7 dewa lainnya.</p><p>Kemudian Nu menciptakan 3 dewa yang pertama yaitu Ra, Atum, dan Amun.</p>', '2022-08-10 20:03:54', 3, 4, 4, 'Nu-FATHER-of-the-GOD-'),
(33, '62ee1d40c3442', '7 Mitos Jawa Seram Yang Ternyata Masuk Akal. Pantang Diremehkan!', '<h3><strong><img src=\"_URAA/images/konten/stefaniolga/62ee1d40c3442/bulan merah.jpg\">1. Makan Sambil Selonjoran Bisa Membuat Kita Berubah Menjadi Ular</strong></h3><p>&nbsp;</p><h3><strong>2. Dilarang Pakai Baju Biru atau Hijau ke Pantai Selatan</strong></h3><p>Kalau <i>enggak</i> mau diculik Nyi Roro Kidul, sebaiknya jangan sampai&nbsp;<i>deh</i> kamu pakai baju berwarna biru atau hijau ke Pantai Selatan!</p><p>Konon katanya, sudah banyak korban yang diambil Ratu Pantai Selatan dan meninggal karena melanggar peraturan tersebut.</p><p>&nbsp;</p><h3><strong>3. Duduk di Atas Bantal Bisa Bisulan </strong><i><strong>Segede</strong></i><strong> Gunung</strong></h3><p>&nbsp;</p><h3><strong>4. Keluar Magrib Bisa Diculik Wewe Gombel</strong></h3><p>Wewe gombel adalah makhluk gaib yang berkeliaran di kala matahari berada di ujung cakrawala.</p><p>Orang tua zaman dahulu tidak pernah memperbolehkan anaknya main keluar di waktu ini karena takut dibawa dan disusui Wewe Gombel.</p><p>&nbsp;</p><h3><strong>5. Mengambil Makanan sebelum Orang Tua Itu Pamali</strong></h3><p>Menurut mitos Jawa, mengambil makanan sebelum orang tua hukumnya pamali.</p><p>Tangan anak-anak yang berani&nbsp;<i>nyomot</i> makanan di meja makan sebelum orang tua bisa-bisa buntung atau dikutuk penyakit.</p><p>Tak peduli benar tidaknya mitos tersebut, mendahului orang tua dalam segala hal memang bukanlah tindakan yang sopan.</p><p>&nbsp;</p><h3><strong>6. Potong Kuku di Malam Hari Bisa Mengundang Hantu</strong></h3><p><strong>Hati-hati, kamu bisa saja kedatangan tamu tak diundang!</strong></p><p>&nbsp;</p><h3><strong>7. Bersiul di Malam Hari Mengundang </strong><i><strong>Miss K</strong></i></h3><p><strong>Hati-hati, kamu bisa didatangi Miss Kuntil !</strong></p><p>elain potong kuku, bersiul di malam hari juga bisa mengundang makhluk halus, terutama kuntilanak.</p><p>Percaya atau tidak, mitos Jawa ini sudah dipatenkan semenjak zaman leluhur kita.</p><p>&nbsp;</p>', '2022-08-10 21:15:09', 3, 3, 6, '7-Mitos-Jawa-Seram-Yang-Ternyata-Masuk-Akal-Pantang-Diremehkan'),
(34, '62ef453b5daa4', 'MUT : Ibu Mesir Kuno &amp; Dewi para Ratu', '<p><img src=\"_URAA/images/konten/stefaniolga/62ef453b5daa4/Dewi Mut.png\">Mut yang pengucapannya adalah Mout ini memili arti IBU dalam bahasa Mesir kuni.</p><p>Dewi Mut digambarkan sebagai hering putih (jenis burung). Perwujudannya yaitu sebagai seorang wanita dengan mahkota ganda serta mahkota burung nasar.</p><p>Mut juga merupakan salah satu dewa penting di Mesir kuno karena dihubungkan dengan air yang mana segalanya terlahir melalui partenogenesis (berkembang biar tanpa melalui pembuahan/ fertilisasi oleh pejantan)</p>', '2022-08-10 20:01:52', 3, 4, 10, 'MUT-Ibu-Mesir-Kuno-Dewi-para-Ratu'),
(35, '62f3ad2f57a81', 'Dewa Amun : &quot;Raja Para Dewa&quot;', '<p style=\"margin-left:0px;\"><strong>Amun </strong>adalah nama <a href=\"https://id.wikipedia.org/wiki/Dewa\">dewa</a> dalam <a href=\"https://id.wikipedia.org/wiki/Mitologi_Mesir\">mitologi Mesir</a> yang muncul secara berangsur-angsur dari konsep abstrak menjadi dewa pelindung <a href=\"https://id.wikipedia.org/wiki/Thebes,_Mesir\">Thebes</a> dan menjadi salah satu dewa penting di <a href=\"https://id.wikipedia.org/wiki/Mesir_Kuno\">Mesir Kuno</a> sebelum memudar.</p><p style=\"margin-left:0px;\">Setelah pemberontakan orang Thebes terhadap penguasa Hyksos dan pada pemerintahan Ahmose I, &nbsp;Amun menjadi penting dan dinyatakan dalam gabungan dengan dewa matahari, <a href=\"https://id.wikipedia.org/wiki/Ra\">Ra</a>, menjadi <strong>Amun-Ra</strong> atau <strong>Amun-Re</strong>.<img src=\"_URAA/images/konten/stefaniolga/62f3ad2f57a81/Dewa Amun.png\"></p><p style=\"margin-left:0px;\">Dewa Amun dikenal sebagai raja para dewa karena kekuasaannya yang tinggi. Dewa Amun mempunyai hak yang besar atas pemerintahannya di Nubia.</p><p style=\"margin-left:0px;\">Ciri-ciri Dewa Amun digambarkan sebagai pria berkepala pendek yang di atas kepalanya ada bulu-bulu panjang.</p>', '2022-08-10 20:14:28', 3, 4, 7, 'Raja-Para-Dewa-Amun'),
(36, '62f3ad9059449', 'RA : DEWA PENCIPTA MESIR KUNO', '<p style=\"margin-left:0px;\"><strong>Ra</strong> (<strong>Re</strong> atau <strong>Amun-Ra</strong>) adalah dewa Matahari <a href=\"https://id.wikipedia.org/wiki/Mesir_Kuno\">Mesir Kuno</a>. Ra juga dianggap sebagai dewa tertinggi dan terbesar dalam kebudayaan Mesir Kuno.</p><p style=\"margin-left:0px;\">Ra digambarkan sebagai tubuh seorang pria dengan kepala elang dengan ankh dan tongkat di tangannya.</p><p style=\"margin-left:0px;\">Ra terutama dipuja di Heliopolis (kota matahari) yang merupakan tempat pemujaan di Mesir kuno.</p><p style=\"margin-left:0px;\">Orang-orang Mesir menganggap Ra sebagai penakluk kejahatan dan kebohongan dengan membawa cahaya untuk dunia. Ra juga merupakan simbol kebaikan dan kebenaran.</p><p style=\"margin-left:0px;\">Kepala elang merupakan simbol ‘penerbangan’ matahari di cakrawala. Ra juga sering ditampilkan berada dalam sebuah perahu yang disebut ‘Barque of Ages’, berlayar melintasi langit.</p><p style=\"margin-left:0px;\">Pada saat matahari terbenam, Ra diyakini bepergian dengan perahu lain melintasi dunia bawah (underworld). Piringan matahari di kepala Ra memiliki ular kobra di sekelilingnya. Ra juga dikenal dengan nama yang berbeda, mewakili berbagai posisi matahari di langit.</p><p style=\"margin-left:0px;\">Berikut adalah nama lain Ra:</p><p style=\"margin-left:0px;\"><strong>1. Khepri atau Khepera (Matahari Terbit)</strong></p><p style=\"margin-left:0px;\">Matahari terbit adalah simbol kelahiran dan penciptaan. Orang Mesir kuno percaya bahwa orang yang telah mati akan terlahir kembali di akhirat bersamaan dengan matahari terbit.</p><p style=\"margin-left:0px;\"><strong>2. Atum (Matahari Terbenam)</strong></p><p style=\"margin-left:0px;\">Matahari terbenam adalah simbol perjalanan manusia dari lahir sampai mati.</p><p style=\"margin-left:0px;\"><strong>3. Ra (Matahari Tengah Hari)</strong></p><p style=\"margin-left:0px;\">Nama Ra hanya digunakan untuk matahari saat tengah hari ketika berada diatas kepala.</p><p style=\"margin-left:0px;\">Sebuah legenda menyatakan bahwa Dewa Matahari Ra membagi tubuhnya menjadi beberapa bagian untuk kemudian menciptakan dewa-dewa Mesir lainnya. Penciptaan pertama dari tubuh Ra adalah ‘Shu’ atau dewa udara atau angin, dan istrinya, Tefnut atau dewi hujan. Ra merupakan kakek dari Geb, dewa bumi, dan Nut istrinya, dewi langit.</p><p style=\"margin-left:0px;\">Orang Mesir kuno menganggao firaun sebagai dewa, bukan raja, sehingga setelah kematian, firaun akan bersatu dengan Ra. Manusia diyakini berasal dari air mata Ra. Kuil atau kompleks yang dibangun untuk memuja dewa matahari selalu dibangun tanpa atap sehingga matahari bisa bersinar menerangi kuil.<img src=\"_URAA/images/konten/stefaniolga/62f3ad9059449/dewa ra.jpg\"></p>', '2022-08-10 20:13:03', 3, 4, 10, 'Dewa-Ra'),
(37, '62f3b3426935a', '9 Pria Misterius, Legenda Perkumpulan Rahasia India Kuno, Kuasai Alkimia Hingga Gravitasi', '<figure class=\"image\"><img src=\"_URAA/images/konten/stefaniolga/62f3b3426935a/pria misterius.jpg\"></figure><p style=\"margin-left:0px;\">Ada sebuah legenda di&nbsp;<a href=\"https://intisari.grid.id/tag/india\">India</a>&nbsp;tentang perkumpulan&nbsp;<a href=\"https://intisari.grid.id/tag/rahasia\">rahasia</a>&nbsp;yang diyakini memiliki pengetahuan canggih nan futuristik. <strong>Diyakini telah dibentuk lebih dari 2000 tahun yang lalu,&nbsp;</strong><a href=\"https://intisari.grid.id/tag/sembilan\"><strong>Sembilan</strong></a><strong>&nbsp;</strong><a href=\"https://intisari.grid.id/tag/pria\"><strong>Pria</strong></a><strong>&nbsp;Tidak Diketahui</strong> secara luas diduga memanipulasi tren politik dan masyarakat untuk memajukan tujuan pribadi masing-masing.</p><p style=\"margin-left:0px;\">Tetapi apakah perkumpulan rahasia semacam itu kenyataan atau hanya legenda?</p><p style=\"margin-left:0px;\">Sembilan Pria Tidak Diketahui dibentuk tak lama setelah tahun 226 SM oleh Kaisar Ashoka. Cucu Kaisar legendaris yang menyatukan anak benua India, Chandragupta, Ashoka ingin menegakkan warisan kakeknya dan mempertahankan kekaisaran. Jadi Ashoka memanggil sembilan orang paling cerdas di India saat itu. Untuk tujuan keamanan, identitas orang-orang ini tidak pernah dipublikasikan.</p><p style=\"margin-left:0px;\">Bersama-sama, para jenius ini membentuk perkumpulan rahasia yang kemudian dikenal sebagai Sembilan Pria Tidak Diketahui. Perkumpulan ini mengumpulkan semua pengetahuan ilmiah dari ilmu alam, komposisi materi hingga psikologi.</p><p style=\"margin-left:0px;\"><strong>Khawatir bahwa jika manusia biasa diberi pengetahuan ilmiah, mereka akan menggunakannya untuk penghancuran, hanya Sembilan Pria yang diizinkan untuk mempelajari dan mengembangkan teori dan teknologi ilmiah ini.</strong></p><p style=\"margin-left:0px;\"><strong>Untuk menyelesaikan tugas yang menakutkan ini, masing-masing dari anggota membuat buku khusus yang terus diperbarui untuk menyempurnakan pengetahuan.</strong></p><p style=\"margin-left:0px;\"><strong>Ketika salah satu dari pria ini memilih untuk berhenti atau meninggal, maka digantikan oleh penerus yang dipilih lainnya.&nbsp;</strong>Dengan demikian perkumpulan <strong>selalu memiliki jumlah 9</strong> yang diduga hidup pada masa lebih dari 2000 tahun yang lalu.</p><p style=\"margin-left:0px;\">&nbsp;</p><p style=\"margin-left:0px;\">&nbsp;</p><p style=\"margin-left:0px;\"><strong>Buku tahun 1923</strong></p><p style=\"margin-left:0px;\">Spekulasi tentang isi masing-masing dari sembilan buku sangat bervariasi.</p><p style=\"margin-left:0px;\">Talbot Mundy, seorang penulis Inggris, menerbitkan buku berjudul&nbsp;<i>The Nine Unknown Men</i>&nbsp;pada tahun 1923, yang berisi daftar sembilan buku.</p><p style=\"margin-left:0px;\">Daftar ini telah diterima secara umum:</p><p style=\"margin-left:0px;\"><strong>1. Propaganda</strong></p><p style=\"margin-left:0px;\"><strong>Buku pertama</strong> membahas teknik propaganda dan perang psikologis.</p><p style=\"margin-left:0px;\">\"Yang paling berbahaya dari semua ilmu adalah dari membentuk opini massa, karena itu akan memungkinkan siapa pun untuk mengatur seluruh dunia,\" menurut Mundy.</p><p style=\"margin-left:0px;\"><strong>2. Fisiologi</strong></p><p style=\"margin-left:0px;\"><strong>Buku kedua</strong> membahas fisiologi dan menjelaskan cara membunuh seseorang hanya dengan menyentuhnya, yang dikenal sebagai \"sentuhan kematian,\" hanya dengan membalikkan impuls saraf.</p><p style=\"margin-left:0px;\">“Dikatakan bahwa seni bela diri Judo adalah hasil dari \"kebocoran\" dari buku kedua ini.”</p><p style=\"margin-left:0px;\"><strong>3. Mikrobiologi</strong></p><p style=\"margin-left:0px;\"><strong>Volume ketiga</strong> berfokus pada mikrobiologi dan bioteknologi.</p><p style=\"margin-left:0px;\"><strong>4. Alkimia</strong></p><p style=\"margin-left:0px;\"><strong>Buku keempat</strong> Ini tentang hal-hal yang berhubungan dengan alkimia dan transmutasi logam. Menurut legenda lain, pada masa kekeringan parah, kuil dan organisasi bantuan agama menerima sejumlah besar emas dari \"sumber rahasia.\"</p><p style=\"margin-left:0px;\"><strong>5. Komunikasi</strong></p><p style=\"margin-left:0px;\"><strong>Buku kelima</strong> berisi studi tentang semua alat komunikasi, terestrial dan ekstraterestrial. Menyinggung kemudian bahwa Sembilan Pria Tidak Diketahui telah sadar tentang kehadiran alien.</p><p style=\"margin-left:0px;\"><strong>6. Gravitasi</strong></p><p style=\"margin-left:0px;\"><strong>Buku keenam</strong> berfokus pada rahasia gravitasi dan instruksi aktual tentang bagaimana membuat Veda Vimana kuno, (seperti Vaiminika Shastra tentang teknologi dirgantara).</p><p style=\"margin-left:0px;\"><strong>7. Kosmogoni</strong></p><p style=\"margin-left:0px;\"><strong>Buku ketujuh</strong> berisi kosmogoni dan hal-hal dari alam semesta.</p><p style=\"margin-left:0px;\"><strong>8. Cahaya</strong></p><p style=\"margin-left:0px;\"><strong>Buku kedelapan</strong> berurusan dengan cahaya termasuk kecepatan dan bagaimana menggunakannya sebagai senjata.</p><p style=\"margin-left:0px;\"><strong>9. Sosiologi</strong></p><p style=\"margin-left:0px;\"><strong>Buku kesembilan</strong> dan terakhir membahas sosiologi. Itu termasuk aturan untuk evolusi masyarakat dan cara meramalkan penurunan mereka.</p><p style=\"margin-left:0px;\">&nbsp;</p><p style=\"margin-left:0px;\"><strong>Fakta atau Mitos?</strong></p><p style=\"margin-left:0px;\">Tapi apakah Sembilan Pria Tidak Diketahui adalah nyata?</p><p style=\"margin-left:0px;\">Orang-orang ini mungkin telah menjelajahi berbagai taktik dan pelatihan pertempuran kerajaan, pembuatan senjata, penanganan kuda/ gajah, dan bahkan mungkin penggunaan bubuk mesiu.</p><p style=\"margin-left:0px;\">Namun, sebuah kelompok kuno yang hidup dalam kerahasiaan, mengendalikan peristiwa global dari hutan-hutan terpencil di India tanpa sedikit pun peralatan, infrastruktur, atau teknologi modern sulit dipercaya.</p><p style=\"margin-left:0px;\">Bagi banyak orang, legenda itu kemungkinan besar hanya legenda.</p>', '2022-08-10 22:30:48', 3, 2, 4, '9-Pria-Misterius-Legenda-Perkumpulan-Rahasia-India-Kuno-Kuasai-Alkimia-Hingga-Gravitasi');
INSERT INTO `table_artikel` (`id`, `kode_artikel`, `judul_artikel`, `isi_artikel`, `tgl_publish`, `user_id`, `genre_id`, `rating`, `slug`) VALUES
(39, '62f3d7cbc88c4', 'Kota Gaib, Modern, dan Misterius di Kalimantan Selatan “SARANJANA”', '<p><span style=\"color:hsl(0,0%,100%);\">Saranjana dipercaya berada di Kalimantan Selatan, lokasi tepatnya di Pulau Halimun atau Pulau Laut, ibukota Kabupaten Kotabaru.&nbsp;</span></p><p style=\"text-align:justify;\"><span style=\"color:hsl(0,0%,100%);\">Kisah mistis terkait kota ini adalah kawasan yang maju, jalan yang lebar, gedung yang tinggi, serta penduduk yang cantik dan tampan.&nbsp;</span></p><p style=\"text-align:justify;\"><span style=\"color:hsl(0,0%,100%);\">Konon kabarnya siapa saja yang mencoba masuk ke Saranjana, tidak bisa kembali lagi atau keluar dari kota itu.&nbsp; Pada 1980-an, pemerintah setempat pernah kaget dengan kedatangan pesanan sejumlah alat berat dari Jakarta. Peralatan berharga sangat mahal ini dipesan oleh seseorang dan telah dibayar lunas, alamatnya kota Saranjana!&nbsp;</span></p><figure class=\"image\"><img src=\"_URAA/images/konten/stefani/62f3d7cbc88c4/photo_2022-08-10_23-11-53.jpg\"></figure><ol><li style=\"text-align:justify;\"><span style=\"color:hsl(0,0%,100%);\"><strong>Pulau Laut dan Keberadaan Saranjana&nbsp;</strong></span><br><span style=\"color:hsl(0,0%,100%);\">Jika kamu mencarinya di peta modern Indonesia, maka Pulau Laut ini nyaris tidak terlihat lantaran ukurannya yang kecil.&nbsp; Sebenarnya, tidak terlalu kecil sih ukuran pulau ini karena luasnya mencapai 1.873 km persegi, bandingkan dengan luas Jakarta yaitu 661 km persegi.&nbsp; Pulau ini mempunyai 6 kecamatan yang terdiri dari 74 desa dan 4 kelurahan, semuanya masuk Kabupaten Kotabaru.&nbsp; Kawasan ini masuk ke dalam Kabupaten Kotabaru, sebagian wilayah berada di Pulau Kalimantan.&nbsp;Pada 2005, jumlah penduduk pulau ini hanya sekitar 127 ribu jiwa, sementara jumlah penduduk kabupaten ini adalah 256 ribu jiwa.&nbsp;Ibu kota kabupaten ini berada di bagian utara pulau, namun memang tidak ada nama Saranjana atau Tandjong Sarandjana.&nbsp;Tandjong Saradjana adalah nama lain dari Saranjana yang dikenal sebelumnya, malah ada di peta dan kamus zaman Belanda.&nbsp;</span><br>&nbsp;</li><li style=\"text-align:justify;\"><span style=\"color:hsl(0,0%,100%);\"><strong>Saranjana Tercatat dalam Peta Zaman Belanda&nbsp;</strong></span><br><span style=\"color:hsl(0,0%,100%);\">Menurut dia, Saranjana sebagai kota bisa dilacak keberadaannya melalui peta pada zaman penjajahan Belanda. Peta itu bertajuk&nbsp;<i>“Kaart van de Kust-en Binnenlanden van Banjermassing behoorende tot de Reize in het zuidelijke gedeelte van Borneo”</i>.</span><br><br><span style=\"color:hsl(0,0%,100%);\">Kalau diterjemahkan secara bebas dalam bahasa Indonesia yaitu peta wilayah pesisir dan pedalaman Borneo.&nbsp;Borneo adalah nama lain dari Kalimantan, sementara peta ini dibuat oleh naturalis asal Jerman, Salomon Muller pada 1845 silam.&nbsp;Peta tersebut diterbitkan oleh&nbsp;<i>Verhandelingen van het Bataviaasch Genootschap van Kunsten en Wetenschappen</i>&nbsp;dalam&nbsp;<i>Reizen en onderzoekingen in den Indischen Archipel.</i>&nbsp; Nama lain dari badan tersebut adalah Lembaga Penerbitan Peta Nusantara yang ada pada masa penjajahan Belanda.&nbsp;&nbsp;Muller menulis sebuah kawasan yang bernama Tandjong Sarandjana dalam peta buatannya tersebut.&nbsp;Tandjong Sarandjana ini berada di sebelah selatan Pulau Laut.&nbsp;Kemampuan Muller dalam membuat peta sebenarnya tidak perlu dipertanyakan lagi, tentunya untuk melacak pulau ini secara historis.&nbsp;</span><br><br><span style=\"color:hsl(0,0%,100%);\">Muller adalah anggota&nbsp;<i>des Genootschaps en Natuurkundige Komissie in Nederlands Indie</i>&nbsp;atau Dinas Kehutanan Hindia Belanda. Dia telah memperoleh pelatihan membuat peta dari Museum Leiden, Belanda, museum ini sudah terkenal sejak dulu.&nbsp;Ketika membuat peta tersebut, Muller sedang melakukan penelitian flora dan fauna di Hindia Belanda.</span><br>&nbsp;</li><li style=\"text-align:justify;\"><span style=\"color:hsl(0,0%,100%);\"><strong>Nama Saranjana di Dalam Kamus Bahasa Belanda&nbsp;</strong></span><br><span style=\"color:hsl(0,0%,100%);\">Untuk melacak keberadaan Saranjana ternyata bisa ditemukan di dalam kamus bahasa Belanda. Kamus yang dimaksud adalah&nbsp;<i>Aardrijkskundig en Statistisch Woordenboek van Nederlandsch Indie: Bewerkt Naar de Jongste en Beste Berigten karya Pieter Johannes Veth</i>.&nbsp; Kamus tersebut diterbitkan di Amsterdam P.N. van Kampen (Lembaga Penerbitan di Amsterdam) pada 1869.&nbsp;&nbsp;Veth menulis&nbsp;<i>Sarandjana kaap aan de Zuid- Oostzijde van Poeloe Laut, welk eiland aan Borneo s Zuid-Oost punt is gelegen</i>. Kalau diartikan adalah “Saranjana, tanjung di sisi selatan Poeloe Laut yang merupakan pulau yang terletak di bagian tenggara Kalimantan”.&nbsp;</span><br>&nbsp;</li><li style=\"text-align:justify;\"><span style=\"color:hsl(0,0%,100%);\"><strong>Di Mana Lokasi Saranjana?&nbsp;</strong></span><br><span style=\"color:hsl(0,0%,100%);\">Versi pertama, letak Saranjana berada di Kotabaru, Kalimantan Selatan, ini berdasarkan penelitiannya. Lantas versi kedua, Saranjana berada di Teluk Tamiang, Pulau Laut, masih ada versi ketiga yang lebih lengkap. Versi ketiga, Saranjana ada di sebuah bukit kecil yang berada di Desa Oka-Oka, Kecamatan Pulau Laut Kelautan, Kalimantan Selatan.&nbsp;</span><br>&nbsp;</li><li style=\"text-align:justify;\"><span style=\"color:hsl(0,0%,100%);\"><strong>Melacak Saranjana Dari Sejarah Lisan</strong></span><br><span style=\"color:hsl(0,0%,100%);\">Diperkirakan keberadaan Saranjana diperkirakan wilayah dari suku Dayak Samihim, sebelum 1660.&nbsp; Tahun 1660 ini diambil berdasarkan catatan sejarawan Goh Yoon Fong yang menyatakan Pulau Laut menjadi hadiah atau tanah apanage.&nbsp; Hadiah ini diberikan oleh Kesultanan Banjar kepada Pangeran Purabaya sebagai penghormatan dan imbalan perdamaian.&nbsp;Sebelumnya, bangsawan Banjar telah mengangkat Raden Bagus menjadi Sultan Banjar yang memerintah dari 1660 hingga 1663.&nbsp;</span></li></ol>', '2022-08-10 23:16:51', 3, 2, 10, 'Kota-Gaib-Modern-dan-Misterius-di-Kalimantan-Selatan-SARANJANA'),
(40, '62f3da0a16da4', 'Kisah Mistis Saranjana', '<figure class=\"image\"><img src=\"_URAA/images/konten/stefani/62f3da0a16da4/photo_2022-08-10_23-17-33.jpg\"></figure><h3 style=\"text-align:justify;\"><span style=\"color:hsl(0, 0%, 100%);\"><strong>1. Adanya Peralatan Berat Tanpa Pemilik&nbsp;</strong></span></h3><p style=\"text-align:justify;\"><span style=\"color:hsl(0, 0%, 100%);\">Kisah ini menjadi yang paling sering didengar oleh orang mengenai keberadaan kota gaib Saranjana.&nbsp;Pada 1980-an, sejumlah alat berat dipesan dari Jakarta, hal ini membuat kaget pemerintah daerah setempat.&nbsp;</span></p><p style=\"text-align:justify;\"><span style=\"color:hsl(0, 0%, 100%);\">Seluruh peralatan berat dengan harga mahal itu dipesan dengan alamat kota Saranjana dan sudah dibayar lunas.&nbsp;Kisah ini menjadi legenda yang terus diceritakan secara getok tular di masyarakat hingga sekarang.&nbsp;</span></p><h3 style=\"text-align:justify;\"><span style=\"color:hsl(0, 0%, 100%);\"><strong>2. Saranjana Dihuni oleh Makhluk Astral&nbsp;</strong></span></h3><p style=\"text-align:justify;\"><span style=\"color:hsl(0, 0%, 100%);\">Konon kabarnya, Saranjana dihuni oleh makhluk tidak kasat mata alias makhluk astral yaitu jin Muslim.&nbsp;Tetapi, ada juga yang menyatakan bahwa kota ini dihuni oleh manusia yang telah menjadi gaib, entah mana yang benar.&nbsp;</span></p><h3 style=\"text-align:justify;\"><span style=\"color:hsl(0, 0%, 100%);\"><strong>3. Kota yang Sangat Modern</strong></span></h3><p style=\"text-align:justify;\"><span style=\"color:hsl(0, 0%, 100%);\">Bagi yang pernah masuk ke Saranjana menyatakan kota ini sangat maju dengan jalan yang lebar.&nbsp;Selain itu, perumahan juga megah dengan pagar rumah yang tinggi, ada yang menyatakan kotanya modern.&nbsp;</span></p><h3 style=\"text-align:justify;\"><span style=\"color:hsl(0, 0%, 100%);\"><strong>4. Buah Berukuran Raksasa&nbsp;</strong></span></h3><p style=\"text-align:justify;\"><span style=\"color:hsl(0, 0%, 100%);\">Kisah lain yang beredar adalah buah-buahan yang tumbuh di Saranjana berukuran besar dari yang ada di alam manusia.&nbsp;Jenis buah-buahan sama, namun ukurannya raksasa, hanya saja jika dibawa ke alam manusia, ukurannya menjadi normal.&nbsp;</span></p><h3 style=\"text-align:justify;\"><span style=\"color:hsl(0, 0%, 100%);\"><strong>5. Penduduk Saranjana Berwajah Tampan dan Cantik&nbsp;</strong></span></h3><p style=\"text-align:justify;\"><span style=\"color:hsl(0, 0%, 100%);\">Cerita lainnya adalah penduduk Saranjana memiliki fisik seperti manusia, namun lebih cantik dan lebih tampan. Penduduk kota ini sangat ramah dan menggunakan bahasa Banjar sebagai percakapan sehari-hari.&nbsp;Konon, manusia yang masuk ke Saranjana tidak ingin kembali ke alam nyata karena terlanjur takjub.&nbsp;</span></p><h3 style=\"text-align:justify;\"><span style=\"color:hsl(0, 0%, 100%);\"><strong>6. Suara yang Terdengar Pada Malam Hari&nbsp;</strong></span></h3><p style=\"text-align:justify;\"><span style=\"color:hsl(0, 0%, 100%);\">Kabarnya, orang sering mendengar suara dari Saranjana, entah suara lantunan musik atau kendaraan yang melintas.&nbsp;Ada orang yang tinggal di Pulau Laut ini yang mendengar suara-suara tersebut pada malam hari.&nbsp;</span></p><h3 style=\"text-align:justify;\"><span style=\"color:hsl(0, 0%, 100%);\"><strong>7. Pesanan Mobil dari Saranjana&nbsp;</strong></span></h3><p style=\"text-align:justify;\"><span style=\"color:hsl(0, 0%, 100%);\">Selain itu, ada cerita lain mengenai pesanan mobil mewah yang dikirim dari Surabaya, namun tidak diketahui siapa pemesan atau pemiliknya.&nbsp;Kisah ini serupa dengan pesanan alat berat dari Jakarta yang terjadi sebelumnya, hmm bagaimana menurut kamu?&nbsp;</span></p><h3 style=\"text-align:justify;\"><span style=\"color:hsl(0, 0%, 100%);\"><strong>8. Penumpang Kapal Fery&nbsp;</strong></span></h3><p style=\"text-align:justify;\"><span style=\"color:hsl(0, 0%, 100%);\">Kisah lain adalah mengenai penumpang kapal fery yang mengangkut banyak penumpang dari Tanjung Serdang Kotabaru.&nbsp;Saat ingin merapat ke Pelabuhan Batulicin, Kabupaten Tanah Bumbu yang berada di Kalimantan, mendadak malah sepi.&nbsp;Orang-orang sekitar percaya kalau penumpang kapal fery tersebut berasal dari kota gaib Saranjana.&nbsp;</span></p>', '2022-08-10 23:18:58', 3, 2, 1, 'Kisah-Mistis-Saranjana');

-- --------------------------------------------------------

--
-- Table structure for table `table_genre`
--

CREATE TABLE `table_genre` (
  `id` int(11) NOT NULL,
  `kode_genre` varchar(12) NOT NULL,
  `nama_genre` varchar(25) NOT NULL,
  `deskripsi_genre` varchar(500) DEFAULT NULL
) ENGINE=InnoDB DEFAULT CHARSET=utf8mb4;

--
-- Dumping data for table `table_genre`
--

INSERT INTO `table_genre` (`id`, `kode_genre`, `nama_genre`, `deskripsi_genre`) VALUES
(1, 'GN-01', 'Ceritaku', 'Pengalaman seputar kejadian nyata dikehidupan sehari-hari yang berkaitan dengan dimensi lain'),
(2, 'GN-02', 'Misteri', 'Sesuatu yang belum diketahui dengan pasti dan menarik keingintahuan orang-orang, berkaitan dengan kejadian horor & supranatural'),
(3, 'GN-03', 'Mitos', 'Cerita rakyat tentang alam semesta & makhluk di dalamnya dengan latar belakang masa lampau yang dianggap benar-benar terjadi'),
(4, 'GN-04', 'Mitologi', 'Himpunan Kisah suci (cerita tradisional) yang menjelaskan bagaimana dunia maupun manusia dapat terbentuk seperti sekarang ini'),
(5, 'GN-05', 'Konspirasi', 'Penjelasan sebuah peristiwa rahasia untuk memperdaya orang banyak yang dilakukan sekelompok orang (organisasi) berkedudukan tinggi dan berkuasa'),
(6, 'GN-06', 'Urban Legend', 'Legenda kontemporer yang sering kali dipercaya secara luas sebagai sebuah kebenaran');

-- --------------------------------------------------------

--
-- Table structure for table `table_level`
--

CREATE TABLE `table_level` (
  `id` int(11) NOT NULL,
  `nama_level` varchar(20) NOT NULL
) ENGINE=InnoDB DEFAULT CHARSET=utf8mb4;

--
-- Dumping data for table `table_level`
--

INSERT INTO `table_level` (`id`, `nama_level`) VALUES
(1, 'member'),
(2, 'super admin');

-- --------------------------------------------------------

--
-- Table structure for table `table_user`
--

CREATE TABLE `table_user` (
  `id` int(11) NOT NULL,
  `nama` varchar(25) NOT NULL,
  `username` varchar(25) NOT NULL,
  `password` text NOT NULL,
  `bio` varchar(200) DEFAULT NULL,
  `tgl_lahir` date DEFAULT NULL,
  `genre_id` int(11) DEFAULT NULL,
  `level_id` int(11) NOT NULL DEFAULT 1 COMMENT 'default = 1. level biasa',
  `link_foto` text DEFAULT NULL,
  `last_login` datetime NOT NULL
) ENGINE=InnoDB DEFAULT CHARSET=utf8mb4;

--
-- Dumping data for table `table_user`
--

INSERT INTO `table_user` (`id`, `nama`, `username`, `password`, `bio`, `tgl_lahir`, `genre_id`, `level_id`, `link_foto`, `last_login`) VALUES
(1, 'Someone Member', 'someonemember', '9d9cf5b5992e36ed5cf9663c6f1991b5', NULL, '2001-01-01', 2, 1, NULL, '0000-00-00 00:00:00'),
(2, 'Someone Superadmin', 'someonesuperadmin', '5569bc69c705c6929b136d2fbfcebf3a', NULL, '2001-01-01', 2, 2, NULL, '0000-00-00 00:00:00'),
(3, 'Stefani Olga', 'stefani', '6b097d4921faf5999dd65af7db1d5bbc', NULL, '1997-03-27', 5, 2, NULL, '2022-08-10 23:06:50');

--
-- Indexes for dumped tables
--

--
-- Indexes for table `table_artikel`
--
ALTER TABLE `table_artikel`
  ADD PRIMARY KEY (`id`);

--
-- Indexes for table `table_genre`
--
ALTER TABLE `table_genre`
  ADD PRIMARY KEY (`id`);

--
-- Indexes for table `table_level`
--
ALTER TABLE `table_level`
  ADD PRIMARY KEY (`id`);

--
-- Indexes for table `table_user`
--
ALTER TABLE `table_user`
  ADD PRIMARY KEY (`id`);

--
-- AUTO_INCREMENT for dumped tables
--

--
-- AUTO_INCREMENT for table `table_artikel`
--
ALTER TABLE `table_artikel`
  MODIFY `id` int(11) NOT NULL AUTO_INCREMENT, AUTO_INCREMENT=42;

--
-- AUTO_INCREMENT for table `table_genre`
--
ALTER TABLE `table_genre`
  MODIFY `id` int(11) NOT NULL AUTO_INCREMENT, AUTO_INCREMENT=7;

--
-- AUTO_INCREMENT for table `table_level`
--
ALTER TABLE `table_level`
  MODIFY `id` int(11) NOT NULL AUTO_INCREMENT, AUTO_INCREMENT=3;

--
-- AUTO_INCREMENT for table `table_user`
--
ALTER TABLE `table_user`
  MODIFY `id` int(11) NOT NULL AUTO_INCREMENT, AUTO_INCREMENT=4;
COMMIT;

/*!40101 SET CHARACTER_SET_CLIENT=@OLD_CHARACTER_SET_CLIENT */;
/*!40101 SET CHARACTER_SET_RESULTS=@OLD_CHARACTER_SET_RESULTS */;
/*!40101 SET COLLATION_CONNECTION=@OLD_COLLATION_CONNECTION */;
